Município;Dose;Total Doses Aplicadas
RIBEIRÃO BRANCO;UNICA;16
SÃO PAULO;UNICA;19
BORÁ;2° DOSE;167
NOVA CASTILHO;2° DOSE;207
UNIÃO PAULISTA;2° DOSE;262
TRABIJU;2° DOSE;268
URU;2° DOSE;312
FERNÃO;2° DOSE;328
VITÓRIA BRASIL;2° DOSE;310
PAULISTÂNIA;2° DOSE;296
SÃO JOÃO DE IRACEMA;2° DOSE;341
DIRCE REIS;2° DOSE;348
SANTA SALETE;2° DOSE;375
PRACINHA;2° DOSE;262
BALBINOS;2° DOSE;317
MESÓPOLIS;2° DOSE;405
SANTA CRUZ DA ESPERANÇA;2° DOSE;396
SANTANA DA PONTE PENSA;2° DOSE;397
BOREBI;2° DOSE;321
ASPÁSIA;2° DOSE;348
TURIÚBA;2° DOSE;398
FLORA RICA;2° DOSE;459
ARAPEÍ;2° DOSE;400
SÃO JOÃO DAS DUAS PONTES;2° DOSE;411
BENTO DE ABREU;2° DOSE;353
GUARANI D'OESTE;2° DOSE;401
EMBAÚBA;2° DOSE;399
SANTA CLARA D'OESTE;2° DOSE;389
MARINÓPOLIS;2° DOSE;405
BOM SUCESSO DE ITARARÉ;2° DOSE;372
CRUZÁLIA;2° DOSE;395
ZACARIAS;2° DOSE;402
JUMIRIM;2° DOSE;380
SAGRES;2° DOSE;416
MONÇÕES;2° DOSE;444
DOLCINÓPOLIS;2° DOSE;411
NOVA GUATAPORANGA;2° DOSE;419
LUCIANÓPOLIS;2° DOSE;441
NANTES;2° DOSE;351
QUEIROZ;2° DOSE;413
ARCO-ÍRIS;2° DOSE;548
LOURDES;2° DOSE;432
TURMALINA;2° DOSE;480
NOVA CANAÃ PAULISTA;2° DOSE;498
PARISI;2° DOSE;452
PONTES GESTAL;2° DOSE;433
TAQUARAL;2° DOSE;424
SÃO JOÃO DO PAU D'ALHO;2° DOSE;489
BREJO ALEGRE;2° DOSE;475
TORRE DE PEDRA;2° DOSE;462
ESTRELA DO NORTE;2° DOSE;387
CÁSSIA DOS COQUEIROS;2° DOSE;444
RUBIÁCEA;2° DOSE;428
RIBEIRÃO DOS ÍNDIOS;2° DOSE;539
RIBEIRA;2° DOSE;554
LUTÉCIA;2° DOSE;511
MOMBUCA;2° DOSE;459
ÓLEO;2° DOSE;520
ITAJU;2° DOSE;504
JERIQUARA;2° DOSE;465
ALVINLÂNDIA;2° DOSE;464
TIMBURI;2° DOSE;486
GABRIEL MONTEIRO;2° DOSE;472
SANTA MERCEDES;2° DOSE;466
ELISIÁRIO;2° DOSE;490
ITAPIRAPUÃ PAULISTA;2° DOSE;486
PLATINA;2° DOSE;491
NOVA INDEPENDÊNCIA;2° DOSE;445
PEDRANÓPOLIS;2° DOSE;526
SANTA RITA D'OESTE;2° DOSE;532
OSCAR BRESSANE;2° DOSE;589
ALTAIR;2° DOSE;537
NOVA LUZITÂNIA;2° DOSE;550
SANTO EXPEDITO;2° DOSE;581
CANAS;2° DOSE;492
FLORÍNEA;2° DOSE;523
QUADRA;2° DOSE;470
CÂNDIDO RODRIGUES;2° DOSE;624
EMILIANÓPOLIS;2° DOSE;538
MONTEIRO LOBATO;2° DOSE;691
MARAPOAMA;2° DOSE;560
SANDOVALINA;2° DOSE;502
PEDRINHAS PAULISTA;2° DOSE;528
PONTALINDA;2° DOSE;509
AREIAS;2° DOSE;548
SÃO FRANCISCO;2° DOSE;546
ÁLVARO DE CARVALHO;2° DOSE;520
PRATÂNIA;2° DOSE;499
SARUTAIÁ;2° DOSE;580
RUBINÉIA;2° DOSE;535
CORUMBATAÍ;2° DOSE;567
SUZANÁPOLIS;2° DOSE;546
MIRA ESTRELA;2° DOSE;566
NOVAIS;2° DOSE;628
GASTÃO VIDIGAL;2° DOSE;589
SEBASTIANÓPOLIS DO SUL;2° DOSE;587
CABRÁLIA PAULISTA;2° DOSE;618
MARIÁPOLIS;2° DOSE;573
MAGDA;2° DOSE;612
ESPÍRITO SANTO DO TURVO;2° DOSE;468
LUPÉRCIO;2° DOSE;631
RIBEIRÃO CORRENTE;2° DOSE;561
TEJUPÁ;2° DOSE;545
JOÃO RAMALHO;2° DOSE;493
ITAOCA;2° DOSE;700
REDENÇÃO DA SERRA;2° DOSE;660
INÚBIA PAULISTA;2° DOSE;636
CANITAR;2° DOSE;475
RIFAINA;2° DOSE;618
SANTÓPOLIS DO AGUAPEÍ;2° DOSE;577
BARÃO DE ANTONINA;2° DOSE;616
JÚLIO MESQUITA;2° DOSE;555
FLOREAL;2° DOSE;658
PONGAÍ;2° DOSE;659
ONDA VERDE;2° DOSE;613
TAQUARIVAÍ;2° DOSE;497
SÃO JOSÉ DO BARREIRO;2° DOSE;623
NIPOÃ;2° DOSE;566
ANHUMAS;2° DOSE;631
GLICÉRIO;2° DOSE;647
MARABÁ PAULISTA;2° DOSE;557
MOTUCA;2° DOSE;530
GAVIÃO PEIXOTO;2° DOSE;600
CAIABU;2° DOSE;647
PIQUEROBI;2° DOSE;717
ITAPURA;2° DOSE;669
NARANDIBA;2° DOSE;579
MERIDIANO;2° DOSE;650
PLANALTO;2° DOSE;623
PARANAPUÃ;2° DOSE;605
ANALÂNDIA;2° DOSE;659
PRESIDENTE ALVES;2° DOSE;782
UBIRAJARA;2° DOSE;645
BURITIZAL;2° DOSE;718
BARRA DO CHAPÉU;2° DOSE;576
UBARANA;2° DOSE;618
LUIZIÂNIA;2° DOSE;688
LAVRINHAS;2° DOSE;616
BORACÉIA;2° DOSE;713
CAMPOS NOVOS PAULISTA;2° DOSE;677
ALTO ALEGRE;2° DOSE;851
MACEDÔNIA;2° DOSE;703
OCAUÇU;2° DOSE;662
ÁLVARES FLORENCE;2° DOSE;773
GUZOLÂNDIA;2° DOSE;611
IARAS;2° DOSE;630
IPORANGA;2° DOSE;802
MONTE CASTELO;2° DOSE;729
SANTA ERNESTINA;2° DOSE;652
SALMOURÃO;2° DOSE;748
SANTA MARIA DA SERRA;2° DOSE;809
CORONEL MACEDO;2° DOSE;711
ADOLFO;2° DOSE;737
ALAMBARI;2° DOSE;759
RIBEIRÃO DO SUL;2° DOSE;797
ARAMINA;2° DOSE;787
INDIAPORÃ;2° DOSE;862
MIRASSOLÂNDIA;2° DOSE;773
GUAIMBÊ;2° DOSE;828
MURUTINGA DO SUL;2° DOSE;834
POPULINA;2° DOSE;820
JAMBEIRO;2° DOSE;797
ORINDIÚVA;2° DOSE;636
ÁGUAS DE SÃO PEDRO;2° DOSE;979
IPIGUÁ;2° DOSE;724
INDIANA;2° DOSE;878
IPEÚNA;2° DOSE;628
PIACATU;2° DOSE;829
CAIUÁ;2° DOSE;861
BRAÚNA;2° DOSE;882
APARECIDA D'OESTE;2° DOSE;873
CAMPINA DO MONTE ALEGRE;2° DOSE;809
ALFREDO MARCONDES;2° DOSE;963
COROADOS;2° DOSE;737
GUARANTÃ;2° DOSE;882
ITIRAPUÃ;2° DOSE;952
SANTA CRUZ DA CONCEIÇÃO;2° DOSE;990
PARDINHO;2° DOSE;827
RESTINGA;2° DOSE;753
ANHEMBI;2° DOSE;823
LAVÍNIA;2° DOSE;848
TACIBA;2° DOSE;796
VISTA ALEGRE DO ALTO;2° DOSE;920
DOBRADA;2° DOSE;853
RIVERSUL;2° DOSE;879
SILVEIRAS;2° DOSE;912
SANTO ANTÔNIO DO PINHAL;2° DOSE;911
TAIÚVA;2° DOSE;1073
ÁGUAS DE SANTA BÁRBARA;2° DOSE;918
SABINO;2° DOSE;1011
LAGOINHA;2° DOSE;943
COLÔMBIA;2° DOSE;891
TAIAÇU;2° DOSE;953
PARAÍSO;2° DOSE;948
ARANDU;2° DOSE;857
BARBOSA;2° DOSE;914
AMÉRICO DE CAMPOS;2° DOSE;1019
PEDRA BELA;2° DOSE;926
SÃO JOSÉ DA BELA VISTA;2° DOSE;955
AVAÍ;2° DOSE;1170
PAULICÉIA;2° DOSE;784
CLEMENTINA;2° DOSE;878
SANTO ANTÔNIO DO JARDIM;2° DOSE;986
QUINTANA;2° DOSE;968
TARABAI;2° DOSE;860
ORIENTE;2° DOSE;1041
SANTA LÚCIA;2° DOSE;820
NOVA CAMPINA;2° DOSE;779
JABORANDI;2° DOSE;1002
IACRI;2° DOSE;1032
MENDONÇA;2° DOSE;986
TUIUTI;2° DOSE;1054
GUATAPARÁ;2° DOSE;1019
FERNANDO PRESTES;2° DOSE;1183
JACI;2° DOSE;1086
ECHAPORÃ;2° DOSE;1111
PEREIRAS;2° DOSE;1078
IRAPUÃ;2° DOSE;1044
SALES;2° DOSE;982
TRÊS FRONTEIRAS;2° DOSE;1079
POLONI;2° DOSE;1072
IBIRAREMA;2° DOSE;1069
NOVA ALIANÇA;2° DOSE;1047
RIBEIRÃO GRANDE;2° DOSE;920
CRISTAIS PAULISTA;2° DOSE;1086
NUPORANGA;2° DOSE;1127
REGINÓPOLIS;2° DOSE;978
SANTA ALBERTINA;2° DOSE;1133
NATIVIDADE DA SERRA;2° DOSE;1120
SANTO ANTÔNIO DO ARACANGUÁ;2° DOSE;1063
CATIGUÁ;2° DOSE;974
PALMARES PAULISTA;2° DOSE;953
LINDÓIA;2° DOSE;1109
EUCLIDES DA CUNHA PAULISTA;2° DOSE;1034
BARRA DO TURVO;2° DOSE;1563
ICÉM;2° DOSE;1085
SÃO PEDRO DO TURVO;2° DOSE;1122
ITOBI;2° DOSE;1248
DUMONT;2° DOSE;1017
SANTO ANTÔNIO DA ALEGRIA;2° DOSE;1183
RIOLÂNDIA;2° DOSE;1248
IRAPURU;2° DOSE;1176
GÁLIA;2° DOSE;1320
RAFARD;2° DOSE;1152
MACAUBAL;2° DOSE;1254
SALTINHO;2° DOSE;1147
TAPIRAÍ;2° DOSE;1110
SUD MENNUCCI;2° DOSE;1188
AREIÓPOLIS;2° DOSE;1004
QUELUZ;2° DOSE;1330
SARAPUÍ;2° DOSE;1136
PAULO DE FARIA;2° DOSE;1402
TERRA ROXA;2° DOSE;1301
MONTE ALEGRE DO SUL;2° DOSE;1288
OURO VERDE;2° DOSE;1566
HERCULÂNDIA;2° DOSE;1273
ESTIVA GERBI;2° DOSE;1107
IGARATÁ;2° DOSE;1241
ROSEIRA;2° DOSE;1253
IEPÊ;2° DOSE;1267
ARIRANHA;2° DOSE;1306
RINCÃO;2° DOSE;1491
MANDURI;2° DOSE;1337
SALTO GRANDE;2° DOSE;1223
COSMORAMA;2° DOSE;1355
VARGEM;2° DOSE;1629
NOVA EUROPA;2° DOSE;1127
GUARACI;2° DOSE;1477
BOFETE;2° DOSE;1476
ÁGUAS DA PRATA;2° DOSE;1511
BILAC;2° DOSE;1457
GUARAÇAÍ;2° DOSE;1390
DOURADO;2° DOSE;1438
VALENTIM GENTIL;2° DOSE;1476
AVANHANDAVA;2° DOSE;1212
PORANGABA;2° DOSE;1520
AREALVA;2° DOSE;1550
CAJOBI;2° DOSE;1524
SERRA AZUL;2° DOSE;1295
BÁLSAMO;2° DOSE;1532
ESTRELA D'OESTE;2° DOSE;1549
GETULINA;2° DOSE;1474
GUAIÇARA;2° DOSE;1373
TORRINHA;2° DOSE;1640
BANANAL;2° DOSE;1803
OUROESTE;2° DOSE;1482
LUÍS ANTÔNIO;2° DOSE;1313
RINÓPOLIS;2° DOSE;1654
UCHOA;2° DOSE;1689
CANANÉIA;2° DOSE;1720
TAGUAÍ;2° DOSE;1450
SÃO BENTO DO SAPUCAÍ;2° DOSE;1716
SALES OLIVEIRA;2° DOSE;1734
URÂNIA;2° DOSE;1711
BOCAINA;2° DOSE;1478
SETE BARRAS;2° DOSE;1558
SÃO SEBASTIÃO DA GRAMA;2° DOSE;1677
IACANGA;2° DOSE;1602
PEDRO DE TOLEDO;2° DOSE;1650
PALMEIRA D'OESTE;2° DOSE;1756
CEDRAL;2° DOSE;1753
PALESTINA;2° DOSE;2052
PIRANGI;2° DOSE;1763
RIBEIRÃO BONITO;2° DOSE;1675
SÃO LUIZ DO PARAITINGA;2° DOSE;1709
NEVES PAULISTA;2° DOSE;1797
GUAREÍ;2° DOSE;1535
CHAVANTES;2° DOSE;1597
GENERAL SALGADO;2° DOSE;1911
PARAPUÃ;2° DOSE;1861
MORUNGABA;2° DOSE;1602
FLÓRIDA PAULISTA;2° DOSE;1810
ITAPUÍ;2° DOSE;1584
MINEIROS DO TIETÊ;2° DOSE;1627
VERA CRUZ;2° DOSE;1901
BERNARDINO DE CAMPOS;2° DOSE;2025
IPUÃ;2° DOSE;1686
CARDOSO;2° DOSE;2082
TAPIRATIBA;2° DOSE;1871
PACAEMBU;2° DOSE;2047
IBIRÁ;2° DOSE;1932
JOANÓPOLIS;2° DOSE;2020
ITIRAPINA;2° DOSE;1761
NHANDEARA;2° DOSE;2037
ILHA COMPRIDA;2° DOSE;1718
BOA ESPERANÇA DO SUL;2° DOSE;1676
ARAÇARIGUAMA;2° DOSE;1762
QUATÁ;2° DOSE;1758
ALUMÍNIO;2° DOSE;1790
TABAPUÃ;2° DOSE;1892
PIQUETE;2° DOSE;2042
TARUMÃ;2° DOSE;1525
PIRAPORA DO BOM JESUS;2° DOSE;1780
ELIAS FAUSTO;2° DOSE;1816
TABATINGA;2° DOSE;1897
SANTA BRANCA;2° DOSE;1982
SEVERÍNIA;2° DOSE;1729
IPAUSSU;2° DOSE;1818
HOLAMBRA;2° DOSE;1548
PATROCÍNIO PAULISTA;2° DOSE;1889
ITAPORANGA;2° DOSE;2179
ITARIRI;2° DOSE;2001
CHARQUEADA;2° DOSE;1948
MARACAÍ;2° DOSE;1941
POTIM;2° DOSE;1975
URUPÊS;2° DOSE;2142
SÃO LOURENÇO DA SERRA;2° DOSE;1682
PINHALZINHO;2° DOSE;2249
BURI;2° DOSE;2076
PANORAMA;2° DOSE;1985
JACUPIRANGA;2° DOSE;2056
RIBEIRÃO BRANCO;2° DOSE;1833
ENGENHEIRO COELHO;2° DOSE;1771
DIVINOLÂNDIA;2° DOSE;2282
FARTURA;2° DOSE;2546
SANTA ADÉLIA;2° DOSE;2275
PEDREGULHO;2° DOSE;2184
AURIFLAMA;2° DOSE;2353
DUARTINA;2° DOSE;2331
CESÁRIO LANGE;2° DOSE;1943
SÃO SIMÃO;2° DOSE;2258
ITATINGA;2° DOSE;1984
PARAIBUNA;2° DOSE;2369
SALESÓPOLIS;2° DOSE;2215
MACATUBA;2° DOSE;2211
PRADÓPOLIS;2° DOSE;1899
PIRATININGA;2° DOSE;2418
BORBOREMA;2° DOSE;2244
CAPELA DO ALTO;2° DOSE;2110
GUAPIARA;2° DOSE;2348
ALTINÓPOLIS;2° DOSE;2532
CACONDE;2° DOSE;2779
VIRADOURO;2° DOSE;2431
POTIRENDABA;2° DOSE;2520
TUPI PAULISTA;2° DOSE;3021
PINDORAMA;2° DOSE;2600
COLINA;2° DOSE;2652
JUQUIÁ;2° DOSE;2562
ELDORADO;2° DOSE;3277
ITAJOBI;2° DOSE;2720
NAZARÉ PAULISTA;2° DOSE;2186
CONCHAS;2° DOSE;2601
PRESIDENTE BERNARDES;2° DOSE;2885
ITABERÁ;2° DOSE;2360
IRACEMÁPOLIS;2° DOSE;2744
PARANAPANEMA;2° DOSE;2305
LUCÉLIA;2° DOSE;3104
CAFELÂNDIA;2° DOSE;2654
MIRACATU;2° DOSE;2456
BURITAMA;2° DOSE;2382
GUAPIAÇU;2° DOSE;2752
BADY BASSITT;2° DOSE;2354
BOM JESUS DOS PERDÕES;2° DOSE;2410
MONTE AZUL PAULISTA;2° DOSE;2888
GUARÁ;2° DOSE;2669
ROSANA;2° DOSE;2800
CERQUEIRA CÉSAR;2° DOSE;2584
MIGUELÓPOLIS;2° DOSE;2829
MIRANTE DO PARANAPANEMA;2° DOSE;2952
PIRAJUÍ;2° DOSE;3395
SANTO ANTÔNIO DE POSSE;2° DOSE;2586
SANTA GERTRUDES;2° DOSE;2168
NOVA GRANADA;2° DOSE;2802
SANTO ANASTÁCIO;2° DOSE;3385
IGARAÇU DO TIETÊ;2° DOSE;2432
VALPARAÍSO;2° DOSE;3183
CASTILHO;2° DOSE;3341
IPERÓ;2° DOSE;2884
ÁGUAS DE LINDÓIA;2° DOSE;2939
CORDEIRÓPOLIS;2° DOSE;3226
BARRINHA;2° DOSE;2541
REGENTE FEIJÓ;2° DOSE;2856
BRODOWSKI;2° DOSE;3064
TAMBAÚ;2° DOSE;3350
TEODORO SAMPAIO;2° DOSE;2708
CONCHAL;2° DOSE;2804
JUNQUEIRÓPOLIS;2° DOSE;3229
PARIQUERA-AÇU;2° DOSE;3441
CUNHA;2° DOSE;3039
ANGATUBA;2° DOSE;3098
CAJATI;2° DOSE;3031
POMPÉIA;2° DOSE;3511
APIAÍ;2° DOSE;3036
BASTOS;2° DOSE;3061
ITAÍ;2° DOSE;2708
DOIS CÓRREGOS;2° DOSE;3548
CAJURU;2° DOSE;3594
JUQUITIBA;2° DOSE;3368
BROTAS;2° DOSE;3117
TAQUARITUBA;2° DOSE;3227
ÁLVARES MACHADO;2° DOSE;3428
SANTA ROSA DE VITERBO;2° DOSE;3644
CASA BRANCA;2° DOSE;4206
PIRAPOZINHO;2° DOSE;3146
JARINU;2° DOSE;3447
BIRITIBA MIRIM;2° DOSE;3216
PALMITAL;2° DOSE;3799
ARAÇOIABA DA SERRA;2° DOSE;3591
PILAR DO SUL;2° DOSE;3860
RIO GRANDE DA SERRA;2° DOSE;3639
MORRO AGUDO;2° DOSE;3453
IBATÉ;2° DOSE;3190
PIRACAIA;2° DOSE;3633
SÃO MIGUEL ARCANJO;2° DOSE;3671
MONTE APRAZÍVEL;2° DOSE;3989
MARTINÓPOLIS;2° DOSE;3685
IGARAPAVA;2° DOSE;3658
RIO DAS PEDRAS;2° DOSE;3357
SANTA CRUZ DAS PALMEIRAS;2° DOSE;3623
CACHOEIRA PAULISTA;2° DOSE;4633
PEREIRA BARRETO;2° DOSE;4014
PITANGUEIRAS;2° DOSE;3880
LARANJAL PAULISTA;2° DOSE;3711
CRAVINHOS;2° DOSE;3921
GUARAREMA;2° DOSE;3893
PONTAL;2° DOSE;3507
MIRANDÓPOLIS;2° DOSE;4593
AMÉRICO BRASILIENSE;2° DOSE;4290
GUARIBA;2° DOSE;3676
TANABI;2° DOSE;4202
ILHABELA;2° DOSE;4110
AGUAÍ;2° DOSE;4142
RANCHARIA;2° DOSE;4377
IGUAPE;2° DOSE;4513
SERRA NEGRA;2° DOSE;4888
CÂNDIDO MOTA;2° DOSE;4146
ILHA SOLTEIRA;2° DOSE;4853
GUARARAPES;2° DOSE;4603
PIRAJU;2° DOSE;4665
VARGEM GRANDE PAULISTA;2° DOSE;4643
CABREÚVA;2° DOSE;4349
ORLÂNDIA;2° DOSE;5230
SANTA RITA DO PASSA QUATRO;2° DOSE;5218
BARIRI;2° DOSE;5208
APARECIDA;2° DOSE;4782
OSVALDO CRUZ;2° DOSE;5628
JOSÉ BONIFÁCIO;2° DOSE;4909
SÃO PEDRO;2° DOSE;4977
TREMEMBÉ;2° DOSE;6057
SÃO MANUEL;2° DOSE;5354
LOUVEIRA;2° DOSE;3980
PROMISSÃO;2° DOSE;4984
GUAÍRA;2° DOSE;5119
ITUPEVA;2° DOSE;4866
DESCALVADO;2° DOSE;5524
TIETÊ;2° DOSE;5259
JARDINÓPOLIS;2° DOSE;4869
PEDERNEIRAS;2° DOSE;5413
SALTO DE PIRAPORA;2° DOSE;5449
AGUDOS;2° DOSE;5857
SANTA FÉ DO SUL;2° DOSE;6335
CAMPOS DO JORDÃO;2° DOSE;5849
BARRA BONITA;2° DOSE;5800
CAPÃO BONITO;2° DOSE;5204
MAIRINQUE;2° DOSE;5661
PRESIDENTE EPITÁCIO;2° DOSE;5431
NOVO HORIZONTE;2° DOSE;5846
VARGEM GRANDE DO SUL;2° DOSE;6293
SÃO JOAQUIM DA BARRA;2° DOSE;6820
GARÇA;2° DOSE;6596
ITUVERAVA;2° DOSE;6465
PEDREIRA;2° DOSE;6343
CERQUILHO;2° DOSE;5281
BOITUVA;2° DOSE;6033
PRESIDENTE VENCESLAU;2° DOSE;6717
ITÁPOLIS;2° DOSE;6363
SOCORRO;2° DOSE;6892
ADAMANTINA;2° DOSE;6830
CAPIVARI;2° DOSE;5911
ARTUR NOGUEIRA;2° DOSE;5842
PORTO FELIZ;2° DOSE;6527
PARAGUAÇU PAULISTA;2° DOSE;5660
ITARARÉ;2° DOSE;6107
PIEDADE;2° DOSE;6635
SANTA ISABEL;2° DOSE;6399
COSMÓPOLIS;2° DOSE;6085
BERTIOGA;2° DOSE;5792
MONTE MOR;2° DOSE;5537
NOVA ODESSA;2° DOSE;6093
EMBU-GUAÇU;2° DOSE;6951
ESPÍRITO SANTO DO PINHAL;2° DOSE;7069
JAGUARIÚNA;2° DOSE;6335
SANTA CRUZ DO RIO PARDO;2° DOSE;7184
PORTO FERREIRA;2° DOSE;7213
MONTE ALTO;2° DOSE;7281
MONGAGUÁ;2° DOSE;6973
DRACENA;2° DOSE;8430
REGISTRO;2° DOSE;8296
IBITINGA;2° DOSE;8034
OLÍMPIA;2° DOSE;8258
SÃO JOSÉ DO RIO PARDO;2° DOSE;7492
TAQUARITINGA;2° DOSE;8496
CAJAMAR;2° DOSE;6498
IBIÚNA;2° DOSE;9468
MIRASSOL;2° DOSE;7885
BATATAIS;2° DOSE;8192
JALES;2° DOSE;8962
LENÇÓIS PAULISTA;2° DOSE;7765
CRUZEIRO;2° DOSE;10215
ANDRADINA;2° DOSE;9851
CAMPO LIMPO PAULISTA;2° DOSE;8458
VINHEDO;2° DOSE;10227
PERUÍBE;2° DOSE;9154
ARUJÁ;2° DOSE;8057
PENÁPOLIS;2° DOSE;9972
JANDIRA;2° DOSE;8104
VÁRZEA PAULISTA;2° DOSE;9847
MAIRIPORÃ;2° DOSE;9006
CAÇAPAVA;2° DOSE;12088
SÃO ROQUE;2° DOSE;11492
ITAPIRA;2° DOSE;11196
UBATUBA;2° DOSE;9855
SÃO SEBASTIÃO;2° DOSE;8579
JABOTICABAL;2° DOSE;10800
MOCOCA;2° DOSE;11240
LORENA;2° DOSE;11534
CAIEIRAS;2° DOSE;9701
PIRASSUNUNGA;2° DOSE;11749
AMPARO;2° DOSE;11092
TUPÃ;2° DOSE;12153
BEBEDOURO;2° DOSE;12349
MATÃO;2° DOSE;10609
LINS;2° DOSE;12582
PAULÍNIA;2° DOSE;10579
POÁ;2° DOSE;11150
ITAPEVA;2° DOSE;11446
FERNANDÓPOLIS;2° DOSE;13260
VOTORANTIM;2° DOSE;12569
LEME;2° DOSE;12082
AVARÉ;2° DOSE;13263
SANTANA DE PARNAÍBA;2° DOSE;14479
MOGI MIRIM;2° DOSE;13891
RIBEIRÃO PIRES;2° DOSE;14439
SERTÃOZINHO;2° DOSE;13719
SALTO;2° DOSE;13124
CUBATÃO;2° DOSE;13291
BIRIGUI;2° DOSE;15258
SÃO JOÃO DA BOA VISTA;2° DOSE;16057
ITANHAÉM;2° DOSE;14881
VOTUPORANGA;2° DOSE;16828
ASSIS;2° DOSE;16139
CARAGUATATUBA;2° DOSE;14570
ITATIBA;2° DOSE;14635
ITAPECERICA DA SERRA;2° DOSE;13981
GUARATINGUETÁ;2° DOSE;16721
JAÚ;2° DOSE;21476
SERRANA;2° DOSE;31699
TATUÍ;2° DOSE;15263
FRANCISCO MORATO;2° DOSE;12165
FERRAZ DE VASCONCELOS;2° DOSE;14944
VALINHOS;2° DOSE;15427
OURINHOS;2° DOSE;15723
FRANCO DA ROCHA;2° DOSE;15348
ATIBAIA;2° DOSE;20052
MOGI GUAÇU;2° DOSE;18794
ITAPEVI;2° DOSE;17703
BARRETOS;2° DOSE;20394
ARARAS;2° DOSE;19148
PINDAMONHANGABA;2° DOSE;18837
CATANDUVA;2° DOSE;21764
ITAPETININGA;2° DOSE;20329
ITU;2° DOSE;20690
SANTA BÁRBARA D'OESTE;2° DOSE;21602
BRAGANÇA PAULISTA;2° DOSE;24293
HORTOLÂNDIA;2° DOSE;23943
COTIA;2° DOSE;22680
EMBU DAS ARTES;2° DOSE;21487
SUMARÉ;2° DOSE;26016
SÃO CAETANO DO SUL;2° DOSE;35084
SUZANO;2° DOSE;29521
RIO CLARO;2° DOSE;30729
ARAÇATUBA;2° DOSE;32233
ITAQUAQUECETUBA;2° DOSE;23873
JACAREÍ;2° DOSE;28225
TABOÃO DA SERRA;2° DOSE;29816
INDAIATUBA;2° DOSE;28952
BARUERI;2° DOSE;28079
AMERICANA;2° DOSE;32405
GUARUJÁ;2° DOSE;33534
ARARAQUARA;2° DOSE;38413
SÃO CARLOS;2° DOSE;37199
PRESIDENTE PRUDENTE;2° DOSE;38666
LIMEIRA;2° DOSE;37068
BOTUCATU;2° DOSE;24589
TAUBATÉ;2° DOSE;37920
MARÍLIA;2° DOSE;37995
PRAIA GRANDE;2° DOSE;37312
SÃO VICENTE;2° DOSE;36530
CARAPICUÍBA;2° DOSE;35245
MAUÁ;2° DOSE;42392
FRANCA;2° DOSE;40945
DIADEMA;2° DOSE;39878
PIRACICABA;2° DOSE;53722
MOGI DAS CRUZES;2° DOSE;49229
BAURU;2° DOSE;59727
JUNDIAÍ;2° DOSE;56986
SOROCABA;2° DOSE;75244
SÃO JOSÉ DO RIO PRETO;2° DOSE;74588
SANTOS;2° DOSE;93122
OSASCO;2° DOSE;73982
RIBEIRÃO PRETO;2° DOSE;93722
SANTO ANDRÉ;2° DOSE;103847
SÃO JOSÉ DOS CAMPOS;2° DOSE;90668
SÃO BERNARDO DO CAMPO;2° DOSE;100658
GUARULHOS;2° DOSE;122215
CAMPINAS;2° DOSE;170368
SÃO PAULO;2° DOSE;1672681
BORÁ;1° DOSE;514
NOVA CASTILHO;1° DOSE;563
UNIÃO PAULISTA;1° DOSE;675
TRABIJU;1° DOSE;760
URU;1° DOSE;738
FERNÃO;1° DOSE;794
VITÓRIA BRASIL;1° DOSE;818
PAULISTÂNIA;1° DOSE;886
SÃO JOÃO DE IRACEMA;1° DOSE;851
DIRCE REIS;1° DOSE;873
SANTA SALETE;1° DOSE;877
PRACINHA;1° DOSE;993
BALBINOS;1° DOSE;940
MESÓPOLIS;1° DOSE;860
SANTA CRUZ DA ESPERANÇA;1° DOSE;892
SANTANA DA PONTE PENSA;1° DOSE;895
BOREBI;1° DOSE;998
ASPÁSIA;1° DOSE;974
TURIÚBA;1° DOSE;992
FLORA RICA;1° DOSE;943
ARAPEÍ;1° DOSE;1012
SÃO JOÃO DAS DUAS PONTES;1° DOSE;1007
BENTO DE ABREU;1° DOSE;1076
GUARANI D'OESTE;1° DOSE;1035
EMBAÚBA;1° DOSE;1060
SANTA CLARA D'OESTE;1° DOSE;1114
MARINÓPOLIS;1° DOSE;1102
BOM SUCESSO DE ITARARÉ;1° DOSE;1136
CRUZÁLIA;1° DOSE;1117
ZACARIAS;1° DOSE;1134
JUMIRIM;1° DOSE;1163
SAGRES;1° DOSE;1162
MONÇÕES;1° DOSE;1148
DOLCINÓPOLIS;1° DOSE;1190
NOVA GUATAPORANGA;1° DOSE;1195
LUCIANÓPOLIS;1° DOSE;1175
NANTES;1° DOSE;1276
QUEIROZ;1° DOSE;1216
ARCO-ÍRIS;1° DOSE;1083
LOURDES;1° DOSE;1203
TURMALINA;1° DOSE;1161
NOVA CANAÃ PAULISTA;1° DOSE;1150
PARISI;1° DOSE;1218
PONTES GESTAL;1° DOSE;1243
TAQUARAL;1° DOSE;1271
SÃO JOÃO DO PAU D'ALHO;1° DOSE;1211
BREJO ALEGRE;1° DOSE;1226
TORRE DE PEDRA;1° DOSE;1255
ESTRELA DO NORTE;1° DOSE;1336
CÁSSIA DOS COQUEIROS;1° DOSE;1309
RUBIÁCEA;1° DOSE;1328
RIBEIRÃO DOS ÍNDIOS;1° DOSE;1224
RIBEIRA;1° DOSE;1217
LUTÉCIA;1° DOSE;1272
MOMBUCA;1° DOSE;1340
ÓLEO;1° DOSE;1286
ITAJU;1° DOSE;1329
JERIQUARA;1° DOSE;1376
ALVINLÂNDIA;1° DOSE;1385
TIMBURI;1° DOSE;1367
GABRIEL MONTEIRO;1° DOSE;1391
SANTA MERCEDES;1° DOSE;1398
ELISIÁRIO;1° DOSE;1380
ITAPIRAPUÃ PAULISTA;1° DOSE;1392
PLATINA;1° DOSE;1407
NOVA INDEPENDÊNCIA;1° DOSE;1460
PEDRANÓPOLIS;1° DOSE;1403
SANTA RITA D'OESTE;1° DOSE;1415
OSCAR BRESSANE;1° DOSE;1361
ALTAIR;1° DOSE;1418
NOVA LUZITÂNIA;1° DOSE;1412
SANTO EXPEDITO;1° DOSE;1395
CANAS;1° DOSE;1523
FLORÍNEA;1° DOSE;1505
QUADRA;1° DOSE;1565
CÂNDIDO RODRIGUES;1° DOSE;1428
EMILIANÓPOLIS;1° DOSE;1515
MONTEIRO LOBATO;1° DOSE;1370
MARAPOAMA;1° DOSE;1521
SANDOVALINA;1° DOSE;1586
PEDRINHAS PAULISTA;1° DOSE;1573
PONTALINDA;1° DOSE;1594
AREIAS;1° DOSE;1560
SÃO FRANCISCO;1° DOSE;1586
ÁLVARO DE CARVALHO;1° DOSE;1636
PRATÂNIA;1° DOSE;1657
SARUTAIÁ;1° DOSE;1598
RUBINÉIA;1° DOSE;1645
CORUMBATAÍ;1° DOSE;1619
SUZANÁPOLIS;1° DOSE;1648
MIRA ESTRELA;1° DOSE;1631
NOVAIS;1° DOSE;1580
GASTÃO VIDIGAL;1° DOSE;1620
SEBASTIANÓPOLIS DO SUL;1° DOSE;1623
CABRÁLIA PAULISTA;1° DOSE;1602
MARIÁPOLIS;1° DOSE;1649
MAGDA;1° DOSE;1628
ESPÍRITO SANTO DO TURVO;1° DOSE;1773
LUPÉRCIO;1° DOSE;1616
RIBEIRÃO CORRENTE;1° DOSE;1698
TEJUPÁ;1° DOSE;1715
JOÃO RAMALHO;1° DOSE;1773
ITAOCA;1° DOSE;1581
REDENÇÃO DA SERRA;1° DOSE;1634
INÚBIA PAULISTA;1° DOSE;1671
CANITAR;1° DOSE;1840
RIFAINA;1° DOSE;1698
SANTÓPOLIS DO AGUAPEÍ;1° DOSE;1751
BARÃO DE ANTONINA;1° DOSE;1736
JÚLIO MESQUITA;1° DOSE;1809
FLOREAL;1° DOSE;1720
PONGAÍ;1° DOSE;1721
ONDA VERDE;1° DOSE;1772
TAQUARIVAÍ;1° DOSE;1893
SÃO JOSÉ DO BARREIRO;1° DOSE;1772
NIPOÃ;1° DOSE;1832
ANHUMAS;1° DOSE;1805
GLICÉRIO;1° DOSE;1798
MARABÁ PAULISTA;1° DOSE;1896
MOTUCA;1° DOSE;1943
GAVIÃO PEIXOTO;1° DOSE;1877
CAIABU;1° DOSE;1831
PIQUEROBI;1° DOSE;1781
ITAPURA;1° DOSE;1837
NARANDIBA;1° DOSE;1935
MERIDIANO;1° DOSE;1881
PLANALTO;1° DOSE;1908
PARANAPUÃ;1° DOSE;1930
ANALÂNDIA;1° DOSE;1904
PRESIDENTE ALVES;1° DOSE;1795
UBIRAJARA;1° DOSE;1957
BURITIZAL;1° DOSE;1886
BARRA DO CHAPÉU;1° DOSE;2033
UBARANA;1° DOSE;1997
LUIZIÂNIA;1° DOSE;1931
LAVRINHAS;1° DOSE;2023
BORACÉIA;1° DOSE;1936
CAMPOS NOVOS PAULISTA;1° DOSE;1986
ALTO ALEGRE;1° DOSE;1831
MACEDÔNIA;1° DOSE;2001
OCAUÇU;1° DOSE;2044
ÁLVARES FLORENCE;1° DOSE;1936
GUZOLÂNDIA;1° DOSE;2110
IARAS;1° DOSE;2116
IPORANGA;1° DOSE;1968
MONTE CASTELO;1° DOSE;2070
SANTA ERNESTINA;1° DOSE;2172
SALMOURÃO;1° DOSE;2099
SANTA MARIA DA SERRA;1° DOSE;2073
CORONEL MACEDO;1° DOSE;2191
ADOLFO;1° DOSE;2166
ALAMBARI;1° DOSE;2176
RIBEIRÃO DO SUL;1° DOSE;2143
ARAMINA;1° DOSE;2172
INDIAPORÃ;1° DOSE;2114
MIRASSOLÂNDIA;1° DOSE;2213
GUAIMBÊ;1° DOSE;2174
MURUTINGA DO SUL;1° DOSE;2173
POPULINA;1° DOSE;2223
JAMBEIRO;1° DOSE;2303
ORINDIÚVA;1° DOSE;2489
ÁGUAS DE SÃO PEDRO;1° DOSE;2151
IPIGUÁ;1° DOSE;2420
INDIANA;1° DOSE;2269
IPEÚNA;1° DOSE;2523
PIACATU;1° DOSE;2331
CAIUÁ;1° DOSE;2340
BRAÚNA;1° DOSE;2328
APARECIDA D'OESTE;1° DOSE;2361
CAMPINA DO MONTE ALEGRE;1° DOSE;2426
ALFREDO MARCONDES;1° DOSE;2285
COROADOS;1° DOSE;2518
GUARANTÃ;1° DOSE;2389
ITIRAPUÃ;1° DOSE;2324
SANTA CRUZ DA CONCEIÇÃO;1° DOSE;2353
PARDINHO;1° DOSE;2525
RESTINGA;1° DOSE;2626
ANHEMBI;1° DOSE;2578
LAVÍNIA;1° DOSE;2576
TACIBA;1° DOSE;2652
VISTA ALEGRE DO ALTO;1° DOSE;2538
DOBRADA;1° DOSE;2607
RIVERSUL;1° DOSE;2591
SILVEIRAS;1° DOSE;2567
SANTO ANTÔNIO DO PINHAL;1° DOSE;2572
TAIÚVA;1° DOSE;2412
ÁGUAS DE SANTA BÁRBARA;1° DOSE;2581
SABINO;1° DOSE;2491
LAGOINHA;1° DOSE;2581
COLÔMBIA;1° DOSE;2647
TAIAÇU;1° DOSE;2597
PARAÍSO;1° DOSE;2620
ARANDU;1° DOSE;2734
BARBOSA;1° DOSE;2687
AMÉRICO DE CAMPOS;1° DOSE;2583
PEDRA BELA;1° DOSE;2699
SÃO JOSÉ DA BELA VISTA;1° DOSE;2670
AVAÍ;1° DOSE;2465
PAULICÉIA;1° DOSE;2855
CLEMENTINA;1° DOSE;2804
SANTO ANTÔNIO DO JARDIM;1° DOSE;2700
QUINTANA;1° DOSE;2743
TARABAI;1° DOSE;2886
ORIENTE;1° DOSE;2722
SANTA LÚCIA;1° DOSE;2968
NOVA CAMPINA;1° DOSE;3013
JABORANDI;1° DOSE;2806
IACRI;1° DOSE;2790
MENDONÇA;1° DOSE;2838
TUIUTI;1° DOSE;2775
GUATAPARÁ;1° DOSE;2814
FERNANDO PRESTES;1° DOSE;2682
JACI;1° DOSE;2805
ECHAPORÃ;1° DOSE;2796
PEREIRAS;1° DOSE;2834
IRAPUÃ;1° DOSE;2907
SALES;1° DOSE;2978
TRÊS FRONTEIRAS;1° DOSE;2881
POLONI;1° DOSE;2902
IBIRAREMA;1° DOSE;2953
NOVA ALIANÇA;1° DOSE;2981
RIBEIRÃO GRANDE;1° DOSE;3125
CRISTAIS PAULISTA;1° DOSE;3026
NUPORANGA;1° DOSE;2988
REGINÓPOLIS;1° DOSE;3165
SANTA ALBERTINA;1° DOSE;3024
NATIVIDADE DA SERRA;1° DOSE;3056
SANTO ANTÔNIO DO ARACANGUÁ;1° DOSE;3118
CATIGUÁ;1° DOSE;3210
PALMARES PAULISTA;1° DOSE;3240
LINDÓIA;1° DOSE;3096
EUCLIDES DA CUNHA PAULISTA;1° DOSE;3201
BARRA DO TURVO;1° DOSE;2697
ICÉM;1° DOSE;3236
SÃO PEDRO DO TURVO;1° DOSE;3200
ITOBI;1° DOSE;3095
DUMONT;1° DOSE;3368
SANTO ANTÔNIO DA ALEGRIA;1° DOSE;3312
RIOLÂNDIA;1° DOSE;3249
IRAPURU;1° DOSE;3327
GÁLIA;1° DOSE;3214
RAFARD;1° DOSE;3437
MACAUBAL;1° DOSE;3398
SALTINHO;1° DOSE;3516
TAPIRAÍ;1° DOSE;3622
SUD MENNUCCI;1° DOSE;3579
AREIÓPOLIS;1° DOSE;3805
QUELUZ;1° DOSE;3535
SARAPUÍ;1° DOSE;3743
PAULO DE FARIA;1° DOSE;3511
TERRA ROXA;1° DOSE;3659
MONTE ALEGRE DO SUL;1° DOSE;3676
OURO VERDE;1° DOSE;3399
HERCULÂNDIA;1° DOSE;3695
ESTIVA GERBI;1° DOSE;3911
IGARATÁ;1° DOSE;3778
ROSEIRA;1° DOSE;3793
IEPÊ;1° DOSE;3784
ARIRANHA;1° DOSE;3762
RINCÃO;1° DOSE;3582
MANDURI;1° DOSE;3822
SALTO GRANDE;1° DOSE;3940
COSMORAMA;1° DOSE;3814
VARGEM;1° DOSE;3552
NOVA EUROPA;1° DOSE;4062
GUARACI;1° DOSE;3721
BOFETE;1° DOSE;3724
ÁGUAS DA PRATA;1° DOSE;3704
BILAC;1° DOSE;3769
GUARAÇAÍ;1° DOSE;3900
DOURADO;1° DOSE;3872
VALENTIM GENTIL;1° DOSE;3873
AVANHANDAVA;1° DOSE;4191
PORANGABA;1° DOSE;3974
AREALVA;1° DOSE;3978
CAJOBI;1° DOSE;4055
SERRA AZUL;1° DOSE;4302
BÁLSAMO;1° DOSE;4098
ESTRELA D'OESTE;1° DOSE;4125
GETULINA;1° DOSE;4215
GUAIÇARA;1° DOSE;4337
TORRINHA;1° DOSE;4112
BANANAL;1° DOSE;3966
OUROESTE;1° DOSE;4320
LUÍS ANTÔNIO;1° DOSE;4524
RINÓPOLIS;1° DOSE;4267
UCHOA;1° DOSE;4298
CANANÉIA;1° DOSE;4286
TAGUAÍ;1° DOSE;4576
SÃO BENTO DO SAPUCAÍ;1° DOSE;4411
SALES OLIVEIRA;1° DOSE;4407
URÂNIA;1° DOSE;4464
BOCAINA;1° DOSE;4748
SETE BARRAS;1° DOSE;4689
SÃO SEBASTIÃO DA GRAMA;1° DOSE;4577
IACANGA;1° DOSE;4682
PEDRO DE TOLEDO;1° DOSE;4767
PALMEIRA D'OESTE;1° DOSE;4679
CEDRAL;1° DOSE;4695
PALESTINA;1° DOSE;4452
PIRANGI;1° DOSE;4797
RIBEIRÃO BONITO;1° DOSE;4903
SÃO LUIZ DO PARAITINGA;1° DOSE;4926
NEVES PAULISTA;1° DOSE;4848
GUAREÍ;1° DOSE;5138
CHAVANTES;1° DOSE;5152
GENERAL SALGADO;1° DOSE;4898
PARAPUÃ;1° DOSE;4949
MORUNGABA;1° DOSE;5210
FLÓRIDA PAULISTA;1° DOSE;5039
ITAPUÍ;1° DOSE;5302
MINEIROS DO TIETÊ;1° DOSE;5293
VERA CRUZ;1° DOSE;5041
BERNARDINO DE CAMPOS;1° DOSE;5028
IPUÃ;1° DOSE;5402
CARDOSO;1° DOSE;5010
TAPIRATIBA;1° DOSE;5279
PACAEMBU;1° DOSE;5143
IBIRÁ;1° DOSE;5290
JOANÓPOLIS;1° DOSE;5206
ITIRAPINA;1° DOSE;5475
NHANDEARA;1° DOSE;5204
ILHA COMPRIDA;1° DOSE;5536
BOA ESPERANÇA DO SUL;1° DOSE;5672
ARAÇARIGUAMA;1° DOSE;5597
QUATÁ;1° DOSE;5623
ALUMÍNIO;1° DOSE;5619
TABAPUÃ;1° DOSE;5534
PIQUETE;1° DOSE;5420
TARUMÃ;1° DOSE;5946
PIRAPORA DO BOM JESUS;1° DOSE;5740
ELIAS FAUSTO;1° DOSE;5725
TABATINGA;1° DOSE;5672
SANTA BRANCA;1° DOSE;5660
SEVERÍNIA;1° DOSE;5939
IPAUSSU;1° DOSE;5920
HOLAMBRA;1° DOSE;6244
PATROCÍNIO PAULISTA;1° DOSE;5910
ITAPORANGA;1° DOSE;5743
ITARIRI;1° DOSE;5955
CHARQUEADA;1° DOSE;6110
MARACAÍ;1° DOSE;6131
POTIM;1° DOSE;6100
URUPÊS;1° DOSE;5948
SÃO LOURENÇO DA SERRA;1° DOSE;6411
PINHALZINHO;1° DOSE;5877
BURI;1° DOSE;6053
PANORAMA;1° DOSE;6178
JACUPIRANGA;1° DOSE;6127
RIBEIRÃO BRANCO;1° DOSE;6449
ENGENHEIRO COELHO;1° DOSE;6652
DIVINOLÂNDIA;1° DOSE;6142
FARTURA;1° DOSE;5896
SANTA ADÉLIA;1° DOSE;6213
PEDREGULHO;1° DOSE;6329
AURIFLAMA;1° DOSE;6165
DUARTINA;1° DOSE;6223
CESÁRIO LANGE;1° DOSE;6616
SÃO SIMÃO;1° DOSE;6398
ITATINGA;1° DOSE;6762
PARAIBUNA;1° DOSE;6409
SALESÓPOLIS;1° DOSE;6597
MACATUBA;1° DOSE;6790
PRADÓPOLIS;1° DOSE;7179
PIRATININGA;1° DOSE;6667
BORBOREMA;1° DOSE;6895
CAPELA DO ALTO;1° DOSE;7165
GUAPIARA;1° DOSE;6928
ALTINÓPOLIS;1° DOSE;6841
CACONDE;1° DOSE;6713
VIRADOURO;1° DOSE;7092
POTIRENDABA;1° DOSE;7106
TUPI PAULISTA;1° DOSE;6691
PINDORAMA;1° DOSE;7123
COLINA;1° DOSE;7097
JUQUIÁ;1° DOSE;7206
ELDORADO;1° DOSE;6492
ITAJOBI;1° DOSE;7130
NAZARÉ PAULISTA;1° DOSE;7668
CONCHAS;1° DOSE;7284
PRESIDENTE BERNARDES;1° DOSE;7114
ITABERÁ;1° DOSE;7766
IRACEMÁPOLIS;1° DOSE;7419
PARANAPANEMA;1° DOSE;7887
LUCÉLIA;1° DOSE;7128
CAFELÂNDIA;1° DOSE;7599
MIRACATU;1° DOSE;7832
BURITAMA;1° DOSE;7930
GUAPIAÇU;1° DOSE;7625
BADY BASSITT;1° DOSE;8063
BOM JESUS DOS PERDÕES;1° DOSE;8014
MONTE AZUL PAULISTA;1° DOSE;7603
GUARÁ;1° DOSE;7931
ROSANA;1° DOSE;7986
CERQUEIRA CÉSAR;1° DOSE;8250
MIGUELÓPOLIS;1° DOSE;8079
MIRANTE DO PARANAPANEMA;1° DOSE;8064
PIRAJUÍ;1° DOSE;7662
SANTO ANTÔNIO DE POSSE;1° DOSE;8590
SANTA GERTRUDES;1° DOSE;9016
NOVA GRANADA;1° DOSE;8395
SANTO ANASTÁCIO;1° DOSE;8052
IGARAÇU DO TIETÊ;1° DOSE;9142
VALPARAÍSO;1° DOSE;8407
CASTILHO;1° DOSE;8380
IPERÓ;1° DOSE;8862
ÁGUAS DE LINDÓIA;1° DOSE;8812
CORDEIRÓPOLIS;1° DOSE;8532
BARRINHA;1° DOSE;9229
REGENTE FEIJÓ;1° DOSE;8982
BRODOWSKI;1° DOSE;8818
TAMBAÚ;1° DOSE;8682
TEODORO SAMPAIO;1° DOSE;9492
CONCHAL;1° DOSE;9400
JUNQUEIRÓPOLIS;1° DOSE;9058
PARIQUERA-AÇU;1° DOSE;8943
CUNHA;1° DOSE;9415
ANGATUBA;1° DOSE;9440
CAJATI;1° DOSE;9581
POMPÉIA;1° DOSE;9171
APIAÍ;1° DOSE;9736
BASTOS;1° DOSE;9713
ITAÍ;1° DOSE;10087
DOIS CÓRREGOS;1° DOSE;9531
CAJURU;1° DOSE;9499
JUQUITIBA;1° DOSE;9786
BROTAS;1° DOSE;10075
TAQUARITUBA;1° DOSE;10159
ÁLVARES MACHADO;1° DOSE;10237
SANTA ROSA DE VITERBO;1° DOSE;10072
CASA BRANCA;1° DOSE;9546
PIRAPOZINHO;1° DOSE;10703
JARINU;1° DOSE;10425
BIRITIBA MIRIM;1° DOSE;10759
PALMITAL;1° DOSE;10259
ARAÇOIABA DA SERRA;1° DOSE;10542
PILAR DO SUL;1° DOSE;10396
RIO GRANDE DA SERRA;1° DOSE;10659
MORRO AGUDO;1° DOSE;10867
IBATÉ;1° DOSE;11210
PIRACAIA;1° DOSE;10905
SÃO MIGUEL ARCANJO;1° DOSE;10896
MONTE APRAZÍVEL;1° DOSE;10667
MARTINÓPOLIS;1° DOSE;11215
IGARAPAVA;1° DOSE;11316
RIO DAS PEDRAS;1° DOSE;11620
SANTA CRUZ DAS PALMEIRAS;1° DOSE;11501
CACHOEIRA PAULISTA;1° DOSE;10548
PEREIRA BARRETO;1° DOSE;11259
PITANGUEIRAS;1° DOSE;11509
LARANJAL PAULISTA;1° DOSE;11838
CRAVINHOS;1° DOSE;11679
GUARAREMA;1° DOSE;11968
PONTAL;1° DOSE;12615
MIRANDÓPOLIS;1° DOSE;11686
AMÉRICO BRASILIENSE;1° DOSE;12050
GUARIBA;1° DOSE;12770
TANABI;1° DOSE;12292
ILHABELA;1° DOSE;12557
AGUAÍ;1° DOSE;12840
RANCHARIA;1° DOSE;13266
IGUAPE;1° DOSE;13339
SERRA NEGRA;1° DOSE;13010
CÂNDIDO MOTA;1° DOSE;13757
ILHA SOLTEIRA;1° DOSE;13225
GUARARAPES;1° DOSE;13905
PIRAJU;1° DOSE;13969
VARGEM GRANDE PAULISTA;1° DOSE;14047
CABREÚVA;1° DOSE;14371
ORLÂNDIA;1° DOSE;13653
SANTA RITA DO PASSA QUATRO;1° DOSE;13703
BARIRI;1° DOSE;14072
APARECIDA;1° DOSE;14784
OSVALDO CRUZ;1° DOSE;14229
JOSÉ BONIFÁCIO;1° DOSE;15053
SÃO PEDRO;1° DOSE;14997
TREMEMBÉ;1° DOSE;13958
SÃO MANUEL;1° DOSE;14737
LOUVEIRA;1° DOSE;16171
PROMISSÃO;1° DOSE;15228
GUAÍRA;1° DOSE;15256
ITUPEVA;1° DOSE;15999
DESCALVADO;1° DOSE;15385
TIETÊ;1° DOSE;15995
JARDINÓPOLIS;1° DOSE;16431
PEDERNEIRAS;1° DOSE;16169
SALTO DE PIRAPORA;1° DOSE;16359
AGUDOS;1° DOSE;15956
SANTA FÉ DO SUL;1° DOSE;15669
CAMPOS DO JORDÃO;1° DOSE;16158
BARRA BONITA;1° DOSE;16390
CAPÃO BONITO;1° DOSE;17343
MAIRINQUE;1° DOSE;17006
PRESIDENTE EPITÁCIO;1° DOSE;17460
NOVO HORIZONTE;1° DOSE;17050
VARGEM GRANDE DO SUL;1° DOSE;16611
SÃO JOAQUIM DA BARRA;1° DOSE;16166
GARÇA;1° DOSE;16634
ITUVERAVA;1° DOSE;16989
PEDREIRA;1° DOSE;17135
CERQUILHO;1° DOSE;18258
BOITUVA;1° DOSE;17566
PRESIDENTE VENCESLAU;1° DOSE;17352
ITÁPOLIS;1° DOSE;17728
SOCORRO;1° DOSE;17235
ADAMANTINA;1° DOSE;17311
CAPIVARI;1° DOSE;18320
ARTUR NOGUEIRA;1° DOSE;18460
PORTO FELIZ;1° DOSE;17839
PARAGUAÇU PAULISTA;1° DOSE;18970
ITARARÉ;1° DOSE;18916
PIEDADE;1° DOSE;18441
SANTA ISABEL;1° DOSE;18759
COSMÓPOLIS;1° DOSE;20005
BERTIOGA;1° DOSE;20768
MONTE MOR;1° DOSE;21043
NOVA ODESSA;1° DOSE;21074
EMBU-GUAÇU;1° DOSE;20217
ESPÍRITO SANTO DO PINHAL;1° DOSE;20135
JAGUARIÚNA;1° DOSE;21363
SANTA CRUZ DO RIO PARDO;1° DOSE;21919
PORTO FERREIRA;1° DOSE;22015
MONTE ALTO;1° DOSE;22417
MONGAGUÁ;1° DOSE;23104
DRACENA;1° DOSE;22409
REGISTRO;1° DOSE;22806
IBITINGA;1° DOSE;23127
OLÍMPIA;1° DOSE;23189
SÃO JOSÉ DO RIO PARDO;1° DOSE;24077
TAQUARITINGA;1° DOSE;23330
CAJAMAR;1° DOSE;25524
IBIÚNA;1° DOSE;23474
MIRASSOL;1° DOSE;25583
BATATAIS;1° DOSE;25396
JALES;1° DOSE;25130
LENÇÓIS PAULISTA;1° DOSE;26332
CRUZEIRO;1° DOSE;24756
ANDRADINA;1° DOSE;25431
CAMPO LIMPO PAULISTA;1° DOSE;27155
VINHEDO;1° DOSE;25553
PERUÍBE;1° DOSE;26664
ARUJÁ;1° DOSE;27913
PENÁPOLIS;1° DOSE;27648
JANDIRA;1° DOSE;31770
VÁRZEA PAULISTA;1° DOSE;30487
MAIRIPORÃ;1° DOSE;31859
CAÇAPAVA;1° DOSE;29271
SÃO ROQUE;1° DOSE;29901
ITAPIRA;1° DOSE;30560
UBATUBA;1° DOSE;32338
SÃO SEBASTIÃO;1° DOSE;33859
JABOTICABAL;1° DOSE;31759
MOCOCA;1° DOSE;31861
LORENA;1° DOSE;32060
CAIEIRAS;1° DOSE;33933
PIRASSUNUNGA;1° DOSE;32207
AMPARO;1° DOSE;32902
TUPÃ;1° DOSE;31886
BEBEDOURO;1° DOSE;32147
MATÃO;1° DOSE;34173
LINS;1° DOSE;33812
PAULÍNIA;1° DOSE;35941
POÁ;1° DOSE;35878
ITAPEVA;1° DOSE;35635
FERNANDÓPOLIS;1° DOSE;34503
VOTORANTIM;1° DOSE;36242
LEME;1° DOSE;39213
AVARÉ;1° DOSE;38087
SANTANA DE PARNAÍBA;1° DOSE;36876
MOGI MIRIM;1° DOSE;39769
RIBEIRÃO PIRES;1° DOSE;39452
SERTÃOZINHO;1° DOSE;40366
SALTO;1° DOSE;41071
CUBATÃO;1° DOSE;43356
BIRIGUI;1° DOSE;42794
SÃO JOÃO DA BOA VISTA;1° DOSE;43969
ITANHAÉM;1° DOSE;45409
VOTUPORANGA;1° DOSE;44683
ASSIS;1° DOSE;46114
CARAGUATATUBA;1° DOSE;47775
ITATIBA;1° DOSE;47808
ITAPECERICA DA SERRA;1° DOSE;50197
GUARATINGUETÁ;1° DOSE;48215
JAÚ;1° DOSE;44155
SERRANA;1° DOSE;34442
TATUÍ;1° DOSE;50889
FRANCISCO MORATO;1° DOSE;54257
FERRAZ DE VASCONCELOS;1° DOSE;51587
VALINHOS;1° DOSE;51186
OURINHOS;1° DOSE;51455
FRANCO DA ROCHA;1° DOSE;53264
ATIBAIA;1° DOSE;49834
MOGI GUAÇU;1° DOSE;54352
ITAPEVI;1° DOSE;56961
BARRETOS;1° DOSE;54356
ARARAS;1° DOSE;56292
PINDAMONHANGABA;1° DOSE;57137
CATANDUVA;1° DOSE;58545
ITAPETININGA;1° DOSE;61626
ITU;1° DOSE;66806
SANTA BÁRBARA D'OESTE;1° DOSE;71035
BRAGANÇA PAULISTA;1° DOSE;73299
HORTOLÂNDIA;1° DOSE;73824
COTIA;1° DOSE;79826
EMBU DAS ARTES;1° DOSE;85058
SUMARÉ;1° DOSE;82915
SÃO CAETANO DO SUL;1° DOSE;76929
SUZANO;1° DOSE;84639
RIO CLARO;1° DOSE;84191
ARAÇATUBA;1° DOSE;84481
ITAQUAQUECETUBA;1° DOSE;93389
JACAREÍ;1° DOSE;91512
TABOÃO DA SERRA;1° DOSE;93730
INDAIATUBA;1° DOSE;96155
BARUERI;1° DOSE;97989
AMERICANA;1° DOSE;98626
GUARUJÁ;1° DOSE;100169
ARARAQUARA;1° DOSE;95588
SÃO CARLOS;1° DOSE;100541
PRESIDENTE PRUDENTE;1° DOSE;99580
LIMEIRA;1° DOSE;105025
BOTUCATU;1° DOSE;120405
TAUBATÉ;1° DOSE;108934
MARÍLIA;1° DOSE;110711
PRAIA GRANDE;1° DOSE;119772
SÃO VICENTE;1° DOSE;121595
CARAPICUÍBA;1° DOSE;124438
MAUÁ;1° DOSE;128398
FRANCA;1° DOSE;134023
DIADEMA;1° DOSE;136033
PIRACICABA;1° DOSE;150193
MOGI DAS CRUZES;1° DOSE;159818
BAURU;1° DOSE;166078
JUNDIAÍ;1° DOSE;176078
SOROCABA;1° DOSE;180434
SÃO JOSÉ DO RIO PRETO;1° DOSE;211823
SANTOS;1° DOSE;228864
OSASCO;1° DOSE;255023
RIBEIRÃO PRETO;1° DOSE;263334
SANTO ANDRÉ;1° DOSE;260643
SÃO JOSÉ DOS CAMPOS;1° DOSE;307881
SÃO BERNARDO DO CAMPO;1° DOSE;348834
GUARULHOS;1° DOSE;446861
CAMPINAS;1° DOSE;486859
SÃO PAULO;1° DOSE;5029834
